case,method,mse,nmse,cvar,activation_mse,a16_mse,weighted_loss,scale_mean,scale_p99,pollution_mean,pollution_p99,loss_fw,loss_cross,loss_fa,cross_over_total,identity_error,route_gain,route_scale
stable_scattered_tail,v2,0.05959971621632576,0.001704614725895226,0.3289182186126709,0.03864214941859245,0.021165505051612854,0.05959971621632576,0.13441656529903412,0.9778038263320923,2.2538504600524902,3.9333856105804443,1040.3267822265625,-10.22076416015625,1899.3389892578125,-0.003488975922009553,1.6668045077494753e-07,0.0,0.0
stable_scattered_tail,v2_plus,0.056268367916345596,0.001609334722161293,0.32448652386665344,0.03884856402873993,0.017456719651818275,0.056268367916345596,0.13441656529903412,0.9778038263320923,2.2538504600524902,3.9333856105804443,858.03271484375,-1.8140989542007446,1909.484619140625,-0.0006559268555625415,0.0,0.04565807431936264,0.5
stable_scattered_tail,v3_sort,0.08187304437160492,0.0023416555486619473,0.6077353358268738,0.049865901470184326,0.030781656503677368,0.08187304437160492,0.13038776814937592,0.977026641368866,2.2162013053894043,3.8988094329833984,1512.979736328125,60.235374450683594,2451.009033203125,0.014968197582147177,1.2133551763326977e-07,0.0840914249420166,0.5
stable_scattered_tail,v3_cost,0.05095267295837402,0.0014573001535609365,0.2949552834033966,0.031523268669843674,0.019151488319039345,0.05095267295837402,0.13487699627876282,0.9778038263320923,2.264561653137207,3.95261812210083,941.333740234375,13.65999984741211,1549.4317626953125,0.005454344577231302,0.0,0.06995837390422821,1.0
stable_scattered_tail,v3_full,0.04982821270823479,0.001425139489583671,0.23306789994239807,0.02944616973400116,0.020511949434876442,0.04982821270823479,0.13130240142345428,0.8565570116043091,2.2614567279815674,3.925490379333496,1008.203125,-6.385101318359375,1447.338134765625,-0.0026070616435188137,0.0,0.060926295816898346,1.0
stable_scattered_tail,v3_block_hadamard,0.035164859145879745,0.0010057521285489202,0.1332511156797409,0.019098807126283646,0.015751035884022713,0.035164859145879745,0.1094384491443634,0.29448238015174866,2.068035125732422,2.902047872543335,774.195068359375,15.483620643615723,938.7446899414062,0.008958233950378989,0.0,0.08901314437389374,1.0
stable_scattered_tail,g_half_reference,0.038709547370672226,0.00110713392496109,0.18797940015792847,0.021600807085633278,0.01694129779934883,0.038709547370672226,0.10525667667388916,0.8414889574050903,1.9076566696166992,2.7935397624969482,832.6986694335938,8.229974746704102,1061.7230224609375,0.004325528735626284,6.415798736725264e-08,0.08870138227939606,1.0
sensitivity_mismatch,v2,0.09262455254793167,0.001107355346903205,1.0475555658340454,0.06261349469423294,0.0315929539501667,0.09262455254793167,0.20879323780536652,1.3288824558258057,2.37966251373291,3.9670491218566895,1552.857421875,-77.75377655029297,3077.578369140625,-0.017078674580993155,0.0,0.0,0.0
sensitivity_mismatch,v2_plus,0.09085029363632202,0.001086143427528441,1.052079439163208,0.06265715509653091,0.028597017750144005,0.09085029363632202,0.20879323780536652,1.3288824558258057,2.37966251373291,3.9670491218566895,1405.6005859375,-19.852659225463867,3079.724365234375,-0.004445813635803487,1.0934592609146421e-07,0.09633676707744598,0.5
sensitivity_mismatch,v3_sort,0.17684948444366455,0.002114290604367852,1.4469449520111084,0.11691141128540039,0.06179596111178398,0.17684948444366455,0.14541664719581604,1.2133101224899292,2.2143564224243164,3.9420952796936035,3037.3935546875,-91.3188247680664,5746.4287109375,-0.010505466000874496,2.2469068028385664e-07,0.274517685174942,1.0
sensitivity_mismatch,v3_cost,0.08594705909490585,0.001027523772791028,0.8270230293273926,0.05066218972206116,0.03585592657327652,0.08594705909490585,0.1962638795375824,1.3288824558258057,2.3519039154052734,3.96966290473938,1762.390625,-28.069202423095703,2490.147705078125,-0.006644432139400355,1.15584036564087e-07,0.29752328991889954,1.0
sensitivity_mismatch,v3_full,0.08893465250730515,0.0010632413905113935,0.6677112579345703,0.05106471851468086,0.038106534630060196,0.08893465250730515,0.17779332399368286,1.0513778924942017,2.337562322616577,3.9465951919555664,1873.0118408203125,-11.630127906799316,2509.933349609375,-0.0026605556368259472,1.1170121894110707e-07,0.22349943220615387,1.0
sensitivity_mismatch,v3_block_hadamard,0.043472301214933395,0.0005197248538024724,0.35840892791748047,0.023882294073700905,0.0190986767411232,0.043472301214933395,0.12625360488891602,0.5040518641471863,2.032768964767456,2.908372640609741,938.7384643554688,24.150135040283203,1173.8624267578125,0.011302269335631592,0.0,0.2535582184791565,1.0
sensitivity_mismatch,g_half_reference,0.058653492480516434,0.0007012207061052322,0.4779539108276367,0.03459613770246506,0.024932319298386574,0.058653492480516434,0.14362584054470062,1.2462488412857056,1.9433729648590088,2.8181567192077637,1225.4735107421875,-43.006141662597656,1700.4693603515625,-0.014917477826157209,8.468470014122431e-08,0.0954386368393898,1.0
unstable_tail_location,v2,0.0907069519162178,0.0012912384700030088,0.5866602063179016,0.043907761573791504,0.04843651130795479,0.0907069519162178,0.17013925313949585,1.882717251777649,2.2708611488342285,3.981571912765503,2380.751220703125,-80.4775390625,2158.154296875,-0.018050650639556267,2.1903737490447384e-07,0.0,0.0
unstable_tail_location,v2_plus,0.07492563873529434,0.0010665871668606997,0.455507755279541,0.04337083175778389,0.03280589357018471,0.07492563873529434,0.17013925313949585,1.882717251777649,2.2708611488342285,3.981571912765503,1612.4757080078125,-61.49342727661133,2131.76318359375,-0.016697712485297847,0.0,0.17607682943344116,1.0
unstable_tail_location,v3_sort,0.1324264258146286,0.0018851266941055655,0.8675599098205566,0.04668927192687988,0.08601081371307373,0.1324264258146286,0.1616509109735489,1.8718628883361816,2.237137794494629,3.990752696990967,4227.6025390625,-13.450437545776367,2294.870849609375,-0.002066429112897043,1.500320792047205e-07,0.0697772279381752,1.0
unstable_tail_location,v3_cost,0.09354434162378311,0.0013316296972334385,0.5887137651443481,0.04616772010922432,0.0492904894053936,0.09354434162378311,0.16657450795173645,1.8733526468276978,2.280412197113037,3.9845104217529297,2422.7255859375,-94.07022094726562,2269.2353515625,-0.020459425558292364,2.1239354452973203e-07,0.0661744549870491,1.0
unstable_tail_location,v3_full,0.07492563873529434,0.0010665871668606997,0.455507755279541,0.04337083175778389,0.03280589357018471,0.07492563873529434,0.17013925313949585,1.882717251777649,2.2708611488342285,3.981571912765503,1612.4757080078125,-61.49342727661133,2131.76318359375,-0.016697712485297847,0.0,0.17607682943344116,1.0
unstable_tail_location,v3_block_hadamard,0.047032248228788376,0.0006695170304737985,0.27453669905662537,0.019974464550614357,0.02707626484334469,0.047032248228788376,0.11734738200902939,0.5655393600463867,2.0614147186279297,2.938169240951538,1330.8526611328125,-0.9085121154785156,981.7849731445312,-0.000393001132028605,0.0,0.2059413641691208,1.0
unstable_tail_location,g_half_reference,0.05309179052710533,0.0007557763019576669,0.2869492471218109,0.024081379175186157,0.03032395802438259,0.05309179052710533,0.12183643877506256,1.6712015867233276,1.9089555740356445,2.8194222450256348,1490.4835205078125,-64.56324005126953,1183.6478271484375,-0.024740965232553876,9.355593988402688e-08,0.13544334471225739,1.0
